Campaign,Language,Header,Value 1,Value 2,Value 3,Value 4,Value 5,Value 6
TQ | Pesquisa | Hardware e PCB,Portuguese,Serviços,Hardware,Firmware,Software,Aplicativos,PCB,Consultoria
TQ | Pesquisa | Firmware e Embarcados,Portuguese,Serviços,Hardware,Firmware,Software,Aplicativos,PCB,Consultoria
TQ | Pesquisa | Automação Industrial,Portuguese,Serviços,Hardware,Firmware,Software,Aplicativos,PCB,Consultoria
TQ | Pesquisa | IoT e Monitoramento,Portuguese,Serviços,Hardware,Firmware,Software,Aplicativos,PCB,Consultoria
TQ | Pesquisa | Software Apps e Dashboards,Portuguese,Serviços,Hardware,Firmware,Software,Aplicativos,PCB,Consultoria
TQ | Pesquisa | Diagnóstico Técnico,Portuguese,Serviços,Hardware,Firmware,Software,Aplicativos,PCB,Consultoria
TQ | Pesquisa | Hardware e PCB,Portuguese,Tipos,Monitoramento remoto,Automação industrial,IoT industrial,Telemetria,Sistemas embarcados,Produtos eletrônicos
TQ | Pesquisa | Firmware e Embarcados,Portuguese,Tipos,Monitoramento remoto,Automação industrial,IoT industrial,Telemetria,Sistemas embarcados,Produtos eletrônicos
TQ | Pesquisa | Automação Industrial,Portuguese,Tipos,Monitoramento remoto,Automação industrial,IoT industrial,Telemetria,Sistemas embarcados,Produtos eletrônicos
TQ | Pesquisa | IoT e Monitoramento,Portuguese,Tipos,Monitoramento remoto,Automação industrial,IoT industrial,Telemetria,Sistemas embarcados,Produtos eletrônicos
TQ | Pesquisa | Software Apps e Dashboards,Portuguese,Tipos,Monitoramento remoto,Automação industrial,IoT industrial,Telemetria,Sistemas embarcados,Produtos eletrônicos
TQ | Pesquisa | Diagnóstico Técnico,Portuguese,Tipos,Monitoramento remoto,Automação industrial,IoT industrial,Telemetria,Sistemas embarcados,Produtos eletrônicos
