Campaign,Callout text
TQ | Pesquisa | Projetos de Engenharia,Engenharia desde 2001
TQ | Pesquisa | Projetos de Engenharia,45+ equipamentos online
TQ | Pesquisa | Projetos de Engenharia,Do circuito ao aplicativo
TQ | Pesquisa | Projetos de Engenharia,Atendemos todo o Brasil
TQ | Pesquisa | Projetos de Engenharia,Escopo e prazo fechados
TQ | Pesquisa | Projetos de Engenharia,Um só interlocutor
TQ | Pesquisa | Projetos de Engenharia,Projetos de grande porte
TQ | Pesquisa | Projetos de Engenharia,Conversa inicial gratuita
TQ | Pesquisa | Indústria Conectada,Engenharia desde 2001
TQ | Pesquisa | Indústria Conectada,45+ equipamentos online
TQ | Pesquisa | Indústria Conectada,Do circuito ao aplicativo
TQ | Pesquisa | Indústria Conectada,Atendemos todo o Brasil
TQ | Pesquisa | Indústria Conectada,Escopo e prazo fechados
TQ | Pesquisa | Indústria Conectada,Um só interlocutor
TQ | Pesquisa | Indústria Conectada,Projetos de grande porte
TQ | Pesquisa | Indústria Conectada,Conversa inicial gratuita
TQ | Pesquisa | Termos Amplos,Engenharia desde 2001
TQ | Pesquisa | Termos Amplos,45+ equipamentos online
TQ | Pesquisa | Termos Amplos,Do circuito ao aplicativo
TQ | Pesquisa | Termos Amplos,Atendemos todo o Brasil
TQ | Pesquisa | Termos Amplos,Escopo e prazo fechados
TQ | Pesquisa | Termos Amplos,Um só interlocutor
TQ | Pesquisa | Termos Amplos,Projetos de grande porte
TQ | Pesquisa | Termos Amplos,Conversa inicial gratuita
