Campaign,Ad Group,Keyword,Criterion Type
TQ | Pesquisa | Projetos de Engenharia,,curso,Campaign Negative Phrase
TQ | Pesquisa | Projetos de Engenharia,,cursos,Campaign Negative Phrase
TQ | Pesquisa | Projetos de Engenharia,,aula,Campaign Negative Phrase
TQ | Pesquisa | Projetos de Engenharia,,aulas,Campaign Negative Phrase
TQ | Pesquisa | Projetos de Engenharia,,apostila,Campaign Negative Phrase
TQ | Pesquisa | Projetos de Engenharia,,apostilas,Campaign Negative Phrase
TQ | Pesquisa | Projetos de Engenharia,,tutorial,Campaign Negative Phrase
TQ | Pesquisa | Projetos de Engenharia,,treinamento,Campaign Negative Phrase
TQ | Pesquisa | Projetos de Engenharia,,capacitacao,Campaign Negative Phrase
TQ | Pesquisa | Projetos de Engenharia,,capacitação,Campaign Negative Phrase
TQ | Pesquisa | Projetos de Engenharia,,workshop,Campaign Negative Phrase
TQ | Pesquisa | Projetos de Engenharia,,palestra,Campaign Negative Phrase
TQ | Pesquisa | Projetos de Engenharia,,ebook,Campaign Negative Phrase
TQ | Pesquisa | Projetos de Engenharia,,e-book,Campaign Negative Phrase
TQ | Pesquisa | Projetos de Engenharia,,slide,Campaign Negative Phrase
TQ | Pesquisa | Projetos de Engenharia,,slides,Campaign Negative Phrase
TQ | Pesquisa | Projetos de Engenharia,,aprender,Campaign Negative Phrase
TQ | Pesquisa | Projetos de Engenharia,,aprenda,Campaign Negative Phrase
TQ | Pesquisa | Projetos de Engenharia,,estudar,Campaign Negative Phrase
TQ | Pesquisa | Projetos de Engenharia,,exercicios,Campaign Negative Phrase
TQ | Pesquisa | Projetos de Engenharia,,exercícios,Campaign Negative Phrase
TQ | Pesquisa | Projetos de Engenharia,,simulado,Campaign Negative Phrase
TQ | Pesquisa | Projetos de Engenharia,,resumo,Campaign Negative Phrase
TQ | Pesquisa | Projetos de Engenharia,,artigo,Campaign Negative Phrase
TQ | Pesquisa | Projetos de Engenharia,,artigos,Campaign Negative Phrase
TQ | Pesquisa | Projetos de Engenharia,,tcc,Campaign Negative Phrase
TQ | Pesquisa | Projetos de Engenharia,,monografia,Campaign Negative Phrase
TQ | Pesquisa | Projetos de Engenharia,,dissertação,Campaign Negative Phrase
TQ | Pesquisa | Projetos de Engenharia,,tese,Campaign Negative Phrase
TQ | Pesquisa | Projetos de Engenharia,,mestrado,Campaign Negative Phrase
TQ | Pesquisa | Projetos de Engenharia,,doutorado,Campaign Negative Phrase
TQ | Pesquisa | Projetos de Engenharia,,graduação,Campaign Negative Phrase
TQ | Pesquisa | Projetos de Engenharia,,pos graduação,Campaign Negative Phrase
TQ | Pesquisa | Projetos de Engenharia,,pós graduação,Campaign Negative Phrase
TQ | Pesquisa | Projetos de Engenharia,,faculdade,Campaign Negative Phrase
TQ | Pesquisa | Projetos de Engenharia,,universidade,Campaign Negative Phrase
TQ | Pesquisa | Projetos de Engenharia,,senai,Campaign Negative Phrase
TQ | Pesquisa | Projetos de Engenharia,,senac,Campaign Negative Phrase
TQ | Pesquisa | Projetos de Engenharia,,sesi,Campaign Negative Phrase
TQ | Pesquisa | Projetos de Engenharia,,etec,Campaign Negative Phrase
TQ | Pesquisa | Projetos de Engenharia,,fatec,Campaign Negative Phrase
TQ | Pesquisa | Projetos de Engenharia,,ifsp,Campaign Negative Phrase
TQ | Pesquisa | Projetos de Engenharia,,curso tecnico,Campaign Negative Phrase
TQ | Pesquisa | Projetos de Engenharia,,curso técnico,Campaign Negative Phrase
TQ | Pesquisa | Projetos de Engenharia,,tecnico em,Campaign Negative Phrase
TQ | Pesquisa | Projetos de Engenharia,,técnico em,Campaign Negative Phrase
TQ | Pesquisa | Projetos de Engenharia,,bolsa,Campaign Negative Phrase
TQ | Pesquisa | Projetos de Engenharia,,matricula,Campaign Negative Phrase
TQ | Pesquisa | Projetos de Engenharia,,matrícula,Campaign Negative Phrase
TQ | Pesquisa | Projetos de Engenharia,,ead,Campaign Negative Phrase
TQ | Pesquisa | Projetos de Engenharia,,certificado,Campaign Negative Phrase
TQ | Pesquisa | Projetos de Engenharia,,certificação profissional,Campaign Negative Phrase
TQ | Pesquisa | Projetos de Engenharia,,livro,Campaign Negative Phrase
TQ | Pesquisa | Projetos de Engenharia,,material didatico,Campaign Negative Phrase
TQ | Pesquisa | Projetos de Engenharia,,material didático,Campaign Negative Phrase
TQ | Pesquisa | Projetos de Engenharia,,trabalho escolar,Campaign Negative Phrase
TQ | Pesquisa | Projetos de Engenharia,,feira de ciencias,Campaign Negative Phrase
TQ | Pesquisa | Projetos de Engenharia,,feira de ciências,Campaign Negative Phrase
TQ | Pesquisa | Projetos de Engenharia,,projeto escolar,Campaign Negative Phrase
TQ | Pesquisa | Projetos de Engenharia,,escolar,Campaign Negative Phrase
TQ | Pesquisa | Projetos de Engenharia,,estudante,Campaign Negative Phrase
TQ | Pesquisa | Projetos de Engenharia,,aluno,Campaign Negative Phrase
TQ | Pesquisa | Projetos de Engenharia,,professor,Campaign Negative Phrase
TQ | Pesquisa | Projetos de Engenharia,,sala de aula,Campaign Negative Phrase
TQ | Pesquisa | Projetos de Engenharia,,emprego,Campaign Negative Phrase
TQ | Pesquisa | Projetos de Engenharia,,empregos,Campaign Negative Phrase
TQ | Pesquisa | Projetos de Engenharia,,vaga,Campaign Negative Phrase
TQ | Pesquisa | Projetos de Engenharia,,vagas,Campaign Negative Phrase
TQ | Pesquisa | Projetos de Engenharia,,salario,Campaign Negative Phrase
TQ | Pesquisa | Projetos de Engenharia,,salário,Campaign Negative Phrase
TQ | Pesquisa | Projetos de Engenharia,,quanto ganha,Campaign Negative Phrase
TQ | Pesquisa | Projetos de Engenharia,,piso salarial,Campaign Negative Phrase
TQ | Pesquisa | Projetos de Engenharia,,clt,Campaign Negative Phrase
TQ | Pesquisa | Projetos de Engenharia,,estagio,Campaign Negative Phrase
TQ | Pesquisa | Projetos de Engenharia,,estágio,Campaign Negative Phrase
TQ | Pesquisa | Projetos de Engenharia,,estagiario,Campaign Negative Phrase
TQ | Pesquisa | Projetos de Engenharia,,estagiário,Campaign Negative Phrase
TQ | Pesquisa | Projetos de Engenharia,,trainee,Campaign Negative Phrase
TQ | Pesquisa | Projetos de Engenharia,,curriculo,Campaign Negative Phrase
TQ | Pesquisa | Projetos de Engenharia,,currículo,Campaign Negative Phrase
TQ | Pesquisa | Projetos de Engenharia,,recrutamento,Campaign Negative Phrase
TQ | Pesquisa | Projetos de Engenharia,,contrata-se,Campaign Negative Phrase
TQ | Pesquisa | Projetos de Engenharia,,indeed,Campaign Negative Phrase
TQ | Pesquisa | Projetos de Engenharia,,catho,Campaign Negative Phrase
TQ | Pesquisa | Projetos de Engenharia,,gupy,Campaign Negative Phrase
TQ | Pesquisa | Projetos de Engenharia,,infojobs,Campaign Negative Phrase
TQ | Pesquisa | Projetos de Engenharia,,concurso,Campaign Negative Phrase
TQ | Pesquisa | Projetos de Engenharia,,carreira,Campaign Negative Phrase
TQ | Pesquisa | Projetos de Engenharia,,profissao,Campaign Negative Phrase
TQ | Pesquisa | Projetos de Engenharia,,profissão,Campaign Negative Phrase
TQ | Pesquisa | Projetos de Engenharia,,mercado de trabalho,Campaign Negative Phrase
TQ | Pesquisa | Projetos de Engenharia,,arduino,Campaign Negative Phrase
TQ | Pesquisa | Projetos de Engenharia,,raspberry,Campaign Negative Phrase
TQ | Pesquisa | Projetos de Engenharia,,hobby,Campaign Negative Phrase
TQ | Pesquisa | Projetos de Engenharia,,faça você mesmo,Campaign Negative Phrase
TQ | Pesquisa | Projetos de Engenharia,,faca voce mesmo,Campaign Negative Phrase
TQ | Pesquisa | Projetos de Engenharia,,diy,Campaign Negative Phrase
TQ | Pesquisa | Projetos de Engenharia,,como fazer,Campaign Negative Phrase
TQ | Pesquisa | Projetos de Engenharia,,como montar,Campaign Negative Phrase
TQ | Pesquisa | Projetos de Engenharia,,como criar,Campaign Negative Phrase
TQ | Pesquisa | Projetos de Engenharia,,passo a passo,Campaign Negative Phrase
TQ | Pesquisa | Projetos de Engenharia,,iniciante,Campaign Negative Phrase
TQ | Pesquisa | Projetos de Engenharia,,iniciantes,Campaign Negative Phrase
TQ | Pesquisa | Projetos de Engenharia,,para iniciantes,Campaign Negative Phrase
TQ | Pesquisa | Projetos de Engenharia,,caseiro,Campaign Negative Phrase
TQ | Pesquisa | Projetos de Engenharia,,em casa,Campaign Negative Phrase
TQ | Pesquisa | Projetos de Engenharia,,gambiarra,Campaign Negative Phrase
TQ | Pesquisa | Projetos de Engenharia,,maker,Campaign Negative Phrase
TQ | Pesquisa | Projetos de Engenharia,,tinkercad,Campaign Negative Phrase
TQ | Pesquisa | Projetos de Engenharia,,fritzing,Campaign Negative Phrase
TQ | Pesquisa | Projetos de Engenharia,,proteus,Campaign Negative Phrase
TQ | Pesquisa | Projetos de Engenharia,,multisim,Campaign Negative Phrase
TQ | Pesquisa | Projetos de Engenharia,,simulador,Campaign Negative Phrase
TQ | Pesquisa | Projetos de Engenharia,,simulação online,Campaign Negative Phrase
TQ | Pesquisa | Projetos de Engenharia,,download,Campaign Negative Phrase
TQ | Pesquisa | Projetos de Engenharia,,baixar,Campaign Negative Phrase
TQ | Pesquisa | Projetos de Engenharia,,gratis,Campaign Negative Phrase
TQ | Pesquisa | Projetos de Engenharia,,grátis,Campaign Negative Phrase
TQ | Pesquisa | Projetos de Engenharia,,gratuito,Campaign Negative Phrase
TQ | Pesquisa | Projetos de Engenharia,,de graça,Campaign Negative Phrase
TQ | Pesquisa | Projetos de Engenharia,,free,Campaign Negative Phrase
TQ | Pesquisa | Projetos de Engenharia,,torrent,Campaign Negative Phrase
TQ | Pesquisa | Projetos de Engenharia,,crack,Campaign Negative Phrase
TQ | Pesquisa | Projetos de Engenharia,,pdf,Campaign Negative Phrase
TQ | Pesquisa | Projetos de Engenharia,,ppt,Campaign Negative Phrase
TQ | Pesquisa | Projetos de Engenharia,,planilha,Campaign Negative Phrase
TQ | Pesquisa | Projetos de Engenharia,,template,Campaign Negative Phrase
TQ | Pesquisa | Projetos de Engenharia,,modelo pronto,Campaign Negative Phrase
TQ | Pesquisa | Projetos de Engenharia,,o que é,Campaign Negative Phrase
TQ | Pesquisa | Projetos de Engenharia,,o que sao,Campaign Negative Phrase
TQ | Pesquisa | Projetos de Engenharia,,o que são,Campaign Negative Phrase
TQ | Pesquisa | Projetos de Engenharia,,significado,Campaign Negative Phrase
TQ | Pesquisa | Projetos de Engenharia,,conceito,Campaign Negative Phrase
TQ | Pesquisa | Projetos de Engenharia,,definição,Campaign Negative Phrase
TQ | Pesquisa | Projetos de Engenharia,,para que serve,Campaign Negative Phrase
TQ | Pesquisa | Projetos de Engenharia,,tipos de,Campaign Negative Phrase
TQ | Pesquisa | Projetos de Engenharia,,exemplos de,Campaign Negative Phrase
TQ | Pesquisa | Projetos de Engenharia,,exemplo de,Campaign Negative Phrase
TQ | Pesquisa | Projetos de Engenharia,,historia,Campaign Negative Phrase
TQ | Pesquisa | Projetos de Engenharia,,história,Campaign Negative Phrase
TQ | Pesquisa | Projetos de Engenharia,,wikipedia,Campaign Negative Phrase
TQ | Pesquisa | Projetos de Engenharia,,quais sao,Campaign Negative Phrase
TQ | Pesquisa | Projetos de Engenharia,,quais são,Campaign Negative Phrase
TQ | Pesquisa | Projetos de Engenharia,,como funciona,Campaign Negative Phrase
TQ | Pesquisa | Projetos de Engenharia,,vantagens e desvantagens,Campaign Negative Phrase
TQ | Pesquisa | Projetos de Engenharia,,caracteristicas,Campaign Negative Phrase
TQ | Pesquisa | Projetos de Engenharia,,características,Campaign Negative Phrase
TQ | Pesquisa | Projetos de Engenharia,,pilares,Campaign Negative Phrase
TQ | Pesquisa | Projetos de Engenharia,,diferença entre,Campaign Negative Phrase
TQ | Pesquisa | Projetos de Engenharia,,resumo sobre,Campaign Negative Phrase
TQ | Pesquisa | Projetos de Engenharia,,introdução,Campaign Negative Phrase
TQ | Pesquisa | Projetos de Engenharia,,comprar,Campaign Negative Phrase
TQ | Pesquisa | Projetos de Engenharia,,venda de,Campaign Negative Phrase
TQ | Pesquisa | Projetos de Engenharia,,loja,Campaign Negative Phrase
TQ | Pesquisa | Projetos de Engenharia,,lojas,Campaign Negative Phrase
TQ | Pesquisa | Projetos de Engenharia,,mercado livre,Campaign Negative Phrase
TQ | Pesquisa | Projetos de Engenharia,,olx,Campaign Negative Phrase
TQ | Pesquisa | Projetos de Engenharia,,shopee,Campaign Negative Phrase
TQ | Pesquisa | Projetos de Engenharia,,aliexpress,Campaign Negative Phrase
TQ | Pesquisa | Projetos de Engenharia,,amazon,Campaign Negative Phrase
TQ | Pesquisa | Projetos de Engenharia,,usado,Campaign Negative Phrase
TQ | Pesquisa | Projetos de Engenharia,,seminovo,Campaign Negative Phrase
TQ | Pesquisa | Projetos de Engenharia,,revenda,Campaign Negative Phrase
TQ | Pesquisa | Projetos de Engenharia,,atacado,Campaign Negative Phrase
TQ | Pesquisa | Projetos de Engenharia,,distribuidor,Campaign Negative Phrase
TQ | Pesquisa | Projetos de Engenharia,,fornecedor de componentes,Campaign Negative Phrase
TQ | Pesquisa | Projetos de Engenharia,,componentes eletronicos preço,Campaign Negative Phrase
TQ | Pesquisa | Projetos de Engenharia,,kit,Campaign Negative Phrase
TQ | Pesquisa | Projetos de Engenharia,,datasheet,Campaign Negative Phrase
TQ | Pesquisa | Projetos de Engenharia,,esquema eletrico,Campaign Negative Phrase
TQ | Pesquisa | Projetos de Engenharia,,esquema elétrico,Campaign Negative Phrase
TQ | Pesquisa | Projetos de Engenharia,,manual de instruções,Campaign Negative Phrase
TQ | Pesquisa | Projetos de Engenharia,,pinagem,Campaign Negative Phrase
TQ | Pesquisa | Projetos de Engenharia,,catalogo,Campaign Negative Phrase
TQ | Pesquisa | Projetos de Engenharia,,catálogo,Campaign Negative Phrase
TQ | Pesquisa | Projetos de Engenharia,,conserto,Campaign Negative Phrase
TQ | Pesquisa | Projetos de Engenharia,,consertar,Campaign Negative Phrase
TQ | Pesquisa | Projetos de Engenharia,,assistencia tecnica,Campaign Negative Phrase
TQ | Pesquisa | Projetos de Engenharia,,assistência técnica,Campaign Negative Phrase
TQ | Pesquisa | Projetos de Engenharia,,manutencao de celular,Campaign Negative Phrase
TQ | Pesquisa | Projetos de Engenharia,,manutenção de celular,Campaign Negative Phrase
TQ | Pesquisa | Projetos de Engenharia,,conserto de celular,Campaign Negative Phrase
TQ | Pesquisa | Projetos de Engenharia,,conserto de notebook,Campaign Negative Phrase
TQ | Pesquisa | Projetos de Engenharia,,conserto de computador,Campaign Negative Phrase
TQ | Pesquisa | Projetos de Engenharia,,conserto de tv,Campaign Negative Phrase
TQ | Pesquisa | Projetos de Engenharia,,conserto de geladeira,Campaign Negative Phrase
TQ | Pesquisa | Projetos de Engenharia,,maquina de lavar,Campaign Negative Phrase
TQ | Pesquisa | Projetos de Engenharia,,máquina de lavar,Campaign Negative Phrase
TQ | Pesquisa | Projetos de Engenharia,,ar condicionado,Campaign Negative Phrase
TQ | Pesquisa | Projetos de Engenharia,,elevador,Campaign Negative Phrase
TQ | Pesquisa | Projetos de Engenharia,,eletrodomestico,Campaign Negative Phrase
TQ | Pesquisa | Projetos de Engenharia,,eletrodoméstico,Campaign Negative Phrase
TQ | Pesquisa | Projetos de Engenharia,,residencial,Campaign Negative Phrase
TQ | Pesquisa | Projetos de Engenharia,,domestica,Campaign Negative Phrase
TQ | Pesquisa | Projetos de Engenharia,,doméstica,Campaign Negative Phrase
TQ | Pesquisa | Projetos de Engenharia,,domotica,Campaign Negative Phrase
TQ | Pesquisa | Projetos de Engenharia,,domótica,Campaign Negative Phrase
TQ | Pesquisa | Projetos de Engenharia,,automação residencial,Campaign Negative Phrase
TQ | Pesquisa | Projetos de Engenharia,,casa inteligente,Campaign Negative Phrase
TQ | Pesquisa | Projetos de Engenharia,,portão eletrônico,Campaign Negative Phrase
TQ | Pesquisa | Projetos de Engenharia,,portao eletronico,Campaign Negative Phrase
TQ | Pesquisa | Projetos de Engenharia,,cerca eletrica,Campaign Negative Phrase
TQ | Pesquisa | Projetos de Engenharia,,cerca elétrica,Campaign Negative Phrase
TQ | Pesquisa | Projetos de Engenharia,,cftv,Campaign Negative Phrase
TQ | Pesquisa | Projetos de Engenharia,,camera de seguranca,Campaign Negative Phrase
TQ | Pesquisa | Projetos de Engenharia,,câmera de segurança,Campaign Negative Phrase
TQ | Pesquisa | Projetos de Engenharia,,alarme residencial,Campaign Negative Phrase
TQ | Pesquisa | Projetos de Engenharia,,interfone,Campaign Negative Phrase
TQ | Pesquisa | Projetos de Engenharia,,instalação elétrica,Campaign Negative Phrase
TQ | Pesquisa | Projetos de Engenharia,,eletricista,Campaign Negative Phrase
TQ | Pesquisa | Projetos de Engenharia,,energia solar residencial,Campaign Negative Phrase
TQ | Pesquisa | Projetos de Engenharia,,instalação de painel solar,Campaign Negative Phrase
TQ | Pesquisa | Projetos de Engenharia,,placa solar preço,Campaign Negative Phrase
TQ | Pesquisa | Projetos de Engenharia,,criação de site,Campaign Negative Phrase
TQ | Pesquisa | Projetos de Engenharia,,criacao de site,Campaign Negative Phrase
TQ | Pesquisa | Projetos de Engenharia,,loja virtual,Campaign Negative Phrase
TQ | Pesquisa | Projetos de Engenharia,,e-commerce,Campaign Negative Phrase
TQ | Pesquisa | Projetos de Engenharia,,aplicativo de delivery,Campaign Negative Phrase
TQ | Pesquisa | Projetos de Engenharia,,jogo,Campaign Negative Phrase
TQ | Pesquisa | Projetos de Engenharia,,game,Campaign Negative Phrase
TQ | Pesquisa | Projetos de Engenharia,,marketing digital,Campaign Negative Phrase
TQ | Pesquisa | Projetos de Engenharia,,trafego pago,Campaign Negative Phrase
TQ | Pesquisa | Projetos de Engenharia,,tráfego pago,Campaign Negative Phrase
TQ | Pesquisa | Projetos de Engenharia,,seo,Campaign Negative Phrase
TQ | Pesquisa | Projetos de Engenharia,,social media,Campaign Negative Phrase
TQ | Pesquisa | Projetos de Engenharia,,erp,Campaign Negative Phrase
TQ | Pesquisa | Projetos de Engenharia,,sistema de vendas,Campaign Negative Phrase
TQ | Pesquisa | Projetos de Engenharia,,software contabil,Campaign Negative Phrase
TQ | Pesquisa | Projetos de Engenharia,,software contábil,Campaign Negative Phrase
TQ | Pesquisa | Projetos de Engenharia,,power bi,Campaign Negative Phrase
TQ | Pesquisa | Projetos de Engenharia,,excel,Campaign Negative Phrase
TQ | Pesquisa | Projetos de Engenharia,,consultoria empresarial,Campaign Negative Phrase
TQ | Pesquisa | Projetos de Engenharia,,consultoria financeira,Campaign Negative Phrase
TQ | Pesquisa | Projetos de Engenharia,,consultoria de rh,Campaign Negative Phrase
TQ | Pesquisa | Projetos de Engenharia,,consultoria de marketing,Campaign Negative Phrase
TQ | Pesquisa | Projetos de Engenharia,,consultoria contabil,Campaign Negative Phrase
TQ | Pesquisa | Projetos de Engenharia,,consultoria contábil,Campaign Negative Phrase
TQ | Pesquisa | Projetos de Engenharia,,freelancer,Campaign Negative Phrase
TQ | Pesquisa | Projetos de Engenharia,,freela,Campaign Negative Phrase
TQ | Pesquisa | Projetos de Engenharia,,autonomo,Campaign Negative Phrase
TQ | Pesquisa | Projetos de Engenharia,,autônomo,Campaign Negative Phrase
TQ | Pesquisa | Projetos de Engenharia,,profissional autonomo,Campaign Negative Phrase
TQ | Pesquisa | Projetos de Engenharia,,pessoa fisica,Campaign Negative Phrase
TQ | Pesquisa | Projetos de Engenharia,,pessoa física,Campaign Negative Phrase
TQ | Pesquisa | Projetos de Engenharia,,portugal,Campaign Negative Phrase
TQ | Pesquisa | Projetos de Engenharia,,angola,Campaign Negative Phrase
TQ | Pesquisa | Projetos de Engenharia,,moçambique,Campaign Negative Phrase
TQ | Pesquisa | Projetos de Engenharia,,mocambique,Campaign Negative Phrase
TQ | Pesquisa | Projetos de Engenharia,,coleta seletiva,Campaign Negative Phrase
TQ | Pesquisa | Projetos de Engenharia,,coleta de lixo,Campaign Negative Phrase
TQ | Pesquisa | Projetos de Engenharia,,reclame aqui,Campaign Negative Phrase
TQ | Pesquisa | Projetos de Engenharia,,cnpj,Campaign Negative Phrase
TQ | Pesquisa | Projetos de Engenharia,,razão social,Campaign Negative Phrase
TQ | Pesquisa | Projetos de Engenharia,,telefone da,Campaign Negative Phrase
TQ | Pesquisa | Projetos de Engenharia,,endereço da,Campaign Negative Phrase
TQ | Pesquisa | Projetos de Engenharia,,horário de funcionamento,Campaign Negative Phrase
TQ | Pesquisa | Projetos de Engenharia,,franquia,Campaign Negative Phrase
TQ | Pesquisa | Projetos de Engenharia,,abrir empresa,Campaign Negative Phrase
TQ | Pesquisa | Projetos de Engenharia,,norma,Campaign Negative Phrase
TQ | Pesquisa | Projetos de Engenharia,,nbr,Campaign Negative Phrase
TQ | Pesquisa | Projetos de Engenharia,,abnt,Campaign Negative Phrase
TQ | Pesquisa | Projetos de Engenharia,,iso 9001,Campaign Negative Phrase
TQ | Pesquisa | Projetos de Engenharia,,importar da china,Campaign Negative Phrase
TQ | Pesquisa | Projetos de Engenharia,,alibaba,Campaign Negative Phrase
TQ | Pesquisa | Projetos de Engenharia,,sindicato,Campaign Negative Phrase
TQ | Pesquisa | Projetos de Engenharia,,cbo,Campaign Negative Phrase
TQ | Pesquisa | Projetos de Engenharia,,modelo de contrato,Campaign Negative Phrase
TQ | Pesquisa | Projetos de Engenharia,,modelo de proposta,Campaign Negative Phrase
TQ | Pesquisa | Projetos de Engenharia,,modelo de laudo,Campaign Negative Phrase
TQ | Pesquisa | Projetos de Engenharia,,github,Campaign Negative Phrase
TQ | Pesquisa | Projetos de Engenharia,,open source,Campaign Negative Phrase
TQ | Pesquisa | Projetos de Engenharia,,código fonte,Campaign Negative Phrase
TQ | Pesquisa | Projetos de Engenharia,,quem inventou,Campaign Negative Phrase
TQ | Pesquisa | Projetos de Engenharia,,linha do tempo,Campaign Negative Phrase
TQ | Pesquisa | Projetos de Engenharia,,trabalho pronto,Campaign Negative Phrase
TQ | Pesquisa | Indústria Conectada,,curso,Campaign Negative Phrase
TQ | Pesquisa | Indústria Conectada,,cursos,Campaign Negative Phrase
TQ | Pesquisa | Indústria Conectada,,aula,Campaign Negative Phrase
TQ | Pesquisa | Indústria Conectada,,aulas,Campaign Negative Phrase
TQ | Pesquisa | Indústria Conectada,,apostila,Campaign Negative Phrase
TQ | Pesquisa | Indústria Conectada,,apostilas,Campaign Negative Phrase
TQ | Pesquisa | Indústria Conectada,,tutorial,Campaign Negative Phrase
TQ | Pesquisa | Indústria Conectada,,treinamento,Campaign Negative Phrase
TQ | Pesquisa | Indústria Conectada,,capacitacao,Campaign Negative Phrase
TQ | Pesquisa | Indústria Conectada,,capacitação,Campaign Negative Phrase
TQ | Pesquisa | Indústria Conectada,,workshop,Campaign Negative Phrase
TQ | Pesquisa | Indústria Conectada,,palestra,Campaign Negative Phrase
TQ | Pesquisa | Indústria Conectada,,ebook,Campaign Negative Phrase
TQ | Pesquisa | Indústria Conectada,,e-book,Campaign Negative Phrase
TQ | Pesquisa | Indústria Conectada,,slide,Campaign Negative Phrase
TQ | Pesquisa | Indústria Conectada,,slides,Campaign Negative Phrase
TQ | Pesquisa | Indústria Conectada,,aprender,Campaign Negative Phrase
TQ | Pesquisa | Indústria Conectada,,aprenda,Campaign Negative Phrase
TQ | Pesquisa | Indústria Conectada,,estudar,Campaign Negative Phrase
TQ | Pesquisa | Indústria Conectada,,exercicios,Campaign Negative Phrase
TQ | Pesquisa | Indústria Conectada,,exercícios,Campaign Negative Phrase
TQ | Pesquisa | Indústria Conectada,,simulado,Campaign Negative Phrase
TQ | Pesquisa | Indústria Conectada,,resumo,Campaign Negative Phrase
TQ | Pesquisa | Indústria Conectada,,artigo,Campaign Negative Phrase
TQ | Pesquisa | Indústria Conectada,,artigos,Campaign Negative Phrase
TQ | Pesquisa | Indústria Conectada,,tcc,Campaign Negative Phrase
TQ | Pesquisa | Indústria Conectada,,monografia,Campaign Negative Phrase
TQ | Pesquisa | Indústria Conectada,,dissertação,Campaign Negative Phrase
TQ | Pesquisa | Indústria Conectada,,tese,Campaign Negative Phrase
TQ | Pesquisa | Indústria Conectada,,mestrado,Campaign Negative Phrase
TQ | Pesquisa | Indústria Conectada,,doutorado,Campaign Negative Phrase
TQ | Pesquisa | Indústria Conectada,,graduação,Campaign Negative Phrase
TQ | Pesquisa | Indústria Conectada,,pos graduação,Campaign Negative Phrase
TQ | Pesquisa | Indústria Conectada,,pós graduação,Campaign Negative Phrase
TQ | Pesquisa | Indústria Conectada,,faculdade,Campaign Negative Phrase
TQ | Pesquisa | Indústria Conectada,,universidade,Campaign Negative Phrase
TQ | Pesquisa | Indústria Conectada,,senai,Campaign Negative Phrase
TQ | Pesquisa | Indústria Conectada,,senac,Campaign Negative Phrase
TQ | Pesquisa | Indústria Conectada,,sesi,Campaign Negative Phrase
TQ | Pesquisa | Indústria Conectada,,etec,Campaign Negative Phrase
TQ | Pesquisa | Indústria Conectada,,fatec,Campaign Negative Phrase
TQ | Pesquisa | Indústria Conectada,,ifsp,Campaign Negative Phrase
TQ | Pesquisa | Indústria Conectada,,curso tecnico,Campaign Negative Phrase
TQ | Pesquisa | Indústria Conectada,,curso técnico,Campaign Negative Phrase
TQ | Pesquisa | Indústria Conectada,,tecnico em,Campaign Negative Phrase
TQ | Pesquisa | Indústria Conectada,,técnico em,Campaign Negative Phrase
TQ | Pesquisa | Indústria Conectada,,bolsa,Campaign Negative Phrase
TQ | Pesquisa | Indústria Conectada,,matricula,Campaign Negative Phrase
TQ | Pesquisa | Indústria Conectada,,matrícula,Campaign Negative Phrase
TQ | Pesquisa | Indústria Conectada,,ead,Campaign Negative Phrase
TQ | Pesquisa | Indústria Conectada,,certificado,Campaign Negative Phrase
TQ | Pesquisa | Indústria Conectada,,certificação profissional,Campaign Negative Phrase
TQ | Pesquisa | Indústria Conectada,,livro,Campaign Negative Phrase
TQ | Pesquisa | Indústria Conectada,,material didatico,Campaign Negative Phrase
TQ | Pesquisa | Indústria Conectada,,material didático,Campaign Negative Phrase
TQ | Pesquisa | Indústria Conectada,,trabalho escolar,Campaign Negative Phrase
TQ | Pesquisa | Indústria Conectada,,feira de ciencias,Campaign Negative Phrase
TQ | Pesquisa | Indústria Conectada,,feira de ciências,Campaign Negative Phrase
TQ | Pesquisa | Indústria Conectada,,projeto escolar,Campaign Negative Phrase
TQ | Pesquisa | Indústria Conectada,,escolar,Campaign Negative Phrase
TQ | Pesquisa | Indústria Conectada,,estudante,Campaign Negative Phrase
TQ | Pesquisa | Indústria Conectada,,aluno,Campaign Negative Phrase
TQ | Pesquisa | Indústria Conectada,,professor,Campaign Negative Phrase
TQ | Pesquisa | Indústria Conectada,,sala de aula,Campaign Negative Phrase
TQ | Pesquisa | Indústria Conectada,,emprego,Campaign Negative Phrase
TQ | Pesquisa | Indústria Conectada,,empregos,Campaign Negative Phrase
TQ | Pesquisa | Indústria Conectada,,vaga,Campaign Negative Phrase
TQ | Pesquisa | Indústria Conectada,,vagas,Campaign Negative Phrase
TQ | Pesquisa | Indústria Conectada,,salario,Campaign Negative Phrase
TQ | Pesquisa | Indústria Conectada,,salário,Campaign Negative Phrase
TQ | Pesquisa | Indústria Conectada,,quanto ganha,Campaign Negative Phrase
TQ | Pesquisa | Indústria Conectada,,piso salarial,Campaign Negative Phrase
TQ | Pesquisa | Indústria Conectada,,clt,Campaign Negative Phrase
TQ | Pesquisa | Indústria Conectada,,estagio,Campaign Negative Phrase
TQ | Pesquisa | Indústria Conectada,,estágio,Campaign Negative Phrase
TQ | Pesquisa | Indústria Conectada,,estagiario,Campaign Negative Phrase
TQ | Pesquisa | Indústria Conectada,,estagiário,Campaign Negative Phrase
TQ | Pesquisa | Indústria Conectada,,trainee,Campaign Negative Phrase
TQ | Pesquisa | Indústria Conectada,,curriculo,Campaign Negative Phrase
TQ | Pesquisa | Indústria Conectada,,currículo,Campaign Negative Phrase
TQ | Pesquisa | Indústria Conectada,,recrutamento,Campaign Negative Phrase
TQ | Pesquisa | Indústria Conectada,,contrata-se,Campaign Negative Phrase
TQ | Pesquisa | Indústria Conectada,,indeed,Campaign Negative Phrase
TQ | Pesquisa | Indústria Conectada,,catho,Campaign Negative Phrase
TQ | Pesquisa | Indústria Conectada,,gupy,Campaign Negative Phrase
TQ | Pesquisa | Indústria Conectada,,infojobs,Campaign Negative Phrase
TQ | Pesquisa | Indústria Conectada,,concurso,Campaign Negative Phrase
TQ | Pesquisa | Indústria Conectada,,carreira,Campaign Negative Phrase
TQ | Pesquisa | Indústria Conectada,,profissao,Campaign Negative Phrase
TQ | Pesquisa | Indústria Conectada,,profissão,Campaign Negative Phrase
TQ | Pesquisa | Indústria Conectada,,mercado de trabalho,Campaign Negative Phrase
TQ | Pesquisa | Indústria Conectada,,arduino,Campaign Negative Phrase
TQ | Pesquisa | Indústria Conectada,,raspberry,Campaign Negative Phrase
TQ | Pesquisa | Indústria Conectada,,hobby,Campaign Negative Phrase
TQ | Pesquisa | Indústria Conectada,,faça você mesmo,Campaign Negative Phrase
TQ | Pesquisa | Indústria Conectada,,faca voce mesmo,Campaign Negative Phrase
TQ | Pesquisa | Indústria Conectada,,diy,Campaign Negative Phrase
TQ | Pesquisa | Indústria Conectada,,como fazer,Campaign Negative Phrase
TQ | Pesquisa | Indústria Conectada,,como montar,Campaign Negative Phrase
TQ | Pesquisa | Indústria Conectada,,como criar,Campaign Negative Phrase
TQ | Pesquisa | Indústria Conectada,,passo a passo,Campaign Negative Phrase
TQ | Pesquisa | Indústria Conectada,,iniciante,Campaign Negative Phrase
TQ | Pesquisa | Indústria Conectada,,iniciantes,Campaign Negative Phrase
TQ | Pesquisa | Indústria Conectada,,para iniciantes,Campaign Negative Phrase
TQ | Pesquisa | Indústria Conectada,,caseiro,Campaign Negative Phrase
TQ | Pesquisa | Indústria Conectada,,em casa,Campaign Negative Phrase
TQ | Pesquisa | Indústria Conectada,,gambiarra,Campaign Negative Phrase
TQ | Pesquisa | Indústria Conectada,,maker,Campaign Negative Phrase
TQ | Pesquisa | Indústria Conectada,,tinkercad,Campaign Negative Phrase
TQ | Pesquisa | Indústria Conectada,,fritzing,Campaign Negative Phrase
TQ | Pesquisa | Indústria Conectada,,proteus,Campaign Negative Phrase
TQ | Pesquisa | Indústria Conectada,,multisim,Campaign Negative Phrase
TQ | Pesquisa | Indústria Conectada,,simulador,Campaign Negative Phrase
TQ | Pesquisa | Indústria Conectada,,simulação online,Campaign Negative Phrase
TQ | Pesquisa | Indústria Conectada,,download,Campaign Negative Phrase
TQ | Pesquisa | Indústria Conectada,,baixar,Campaign Negative Phrase
TQ | Pesquisa | Indústria Conectada,,gratis,Campaign Negative Phrase
TQ | Pesquisa | Indústria Conectada,,grátis,Campaign Negative Phrase
TQ | Pesquisa | Indústria Conectada,,gratuito,Campaign Negative Phrase
TQ | Pesquisa | Indústria Conectada,,de graça,Campaign Negative Phrase
TQ | Pesquisa | Indústria Conectada,,free,Campaign Negative Phrase
TQ | Pesquisa | Indústria Conectada,,torrent,Campaign Negative Phrase
TQ | Pesquisa | Indústria Conectada,,crack,Campaign Negative Phrase
TQ | Pesquisa | Indústria Conectada,,pdf,Campaign Negative Phrase
TQ | Pesquisa | Indústria Conectada,,ppt,Campaign Negative Phrase
TQ | Pesquisa | Indústria Conectada,,planilha,Campaign Negative Phrase
TQ | Pesquisa | Indústria Conectada,,template,Campaign Negative Phrase
TQ | Pesquisa | Indústria Conectada,,modelo pronto,Campaign Negative Phrase
TQ | Pesquisa | Indústria Conectada,,o que é,Campaign Negative Phrase
TQ | Pesquisa | Indústria Conectada,,o que sao,Campaign Negative Phrase
TQ | Pesquisa | Indústria Conectada,,o que são,Campaign Negative Phrase
TQ | Pesquisa | Indústria Conectada,,significado,Campaign Negative Phrase
TQ | Pesquisa | Indústria Conectada,,conceito,Campaign Negative Phrase
TQ | Pesquisa | Indústria Conectada,,definição,Campaign Negative Phrase
TQ | Pesquisa | Indústria Conectada,,para que serve,Campaign Negative Phrase
TQ | Pesquisa | Indústria Conectada,,tipos de,Campaign Negative Phrase
TQ | Pesquisa | Indústria Conectada,,exemplos de,Campaign Negative Phrase
TQ | Pesquisa | Indústria Conectada,,exemplo de,Campaign Negative Phrase
TQ | Pesquisa | Indústria Conectada,,historia,Campaign Negative Phrase
TQ | Pesquisa | Indústria Conectada,,história,Campaign Negative Phrase
TQ | Pesquisa | Indústria Conectada,,wikipedia,Campaign Negative Phrase
TQ | Pesquisa | Indústria Conectada,,quais sao,Campaign Negative Phrase
TQ | Pesquisa | Indústria Conectada,,quais são,Campaign Negative Phrase
TQ | Pesquisa | Indústria Conectada,,como funciona,Campaign Negative Phrase
TQ | Pesquisa | Indústria Conectada,,vantagens e desvantagens,Campaign Negative Phrase
TQ | Pesquisa | Indústria Conectada,,caracteristicas,Campaign Negative Phrase
TQ | Pesquisa | Indústria Conectada,,características,Campaign Negative Phrase
TQ | Pesquisa | Indústria Conectada,,pilares,Campaign Negative Phrase
TQ | Pesquisa | Indústria Conectada,,diferença entre,Campaign Negative Phrase
TQ | Pesquisa | Indústria Conectada,,resumo sobre,Campaign Negative Phrase
TQ | Pesquisa | Indústria Conectada,,introdução,Campaign Negative Phrase
TQ | Pesquisa | Indústria Conectada,,comprar,Campaign Negative Phrase
TQ | Pesquisa | Indústria Conectada,,venda de,Campaign Negative Phrase
TQ | Pesquisa | Indústria Conectada,,loja,Campaign Negative Phrase
TQ | Pesquisa | Indústria Conectada,,lojas,Campaign Negative Phrase
TQ | Pesquisa | Indústria Conectada,,mercado livre,Campaign Negative Phrase
TQ | Pesquisa | Indústria Conectada,,olx,Campaign Negative Phrase
TQ | Pesquisa | Indústria Conectada,,shopee,Campaign Negative Phrase
TQ | Pesquisa | Indústria Conectada,,aliexpress,Campaign Negative Phrase
TQ | Pesquisa | Indústria Conectada,,amazon,Campaign Negative Phrase
TQ | Pesquisa | Indústria Conectada,,usado,Campaign Negative Phrase
TQ | Pesquisa | Indústria Conectada,,seminovo,Campaign Negative Phrase
TQ | Pesquisa | Indústria Conectada,,revenda,Campaign Negative Phrase
TQ | Pesquisa | Indústria Conectada,,atacado,Campaign Negative Phrase
TQ | Pesquisa | Indústria Conectada,,distribuidor,Campaign Negative Phrase
TQ | Pesquisa | Indústria Conectada,,fornecedor de componentes,Campaign Negative Phrase
TQ | Pesquisa | Indústria Conectada,,componentes eletronicos preço,Campaign Negative Phrase
TQ | Pesquisa | Indústria Conectada,,kit,Campaign Negative Phrase
TQ | Pesquisa | Indústria Conectada,,datasheet,Campaign Negative Phrase
TQ | Pesquisa | Indústria Conectada,,esquema eletrico,Campaign Negative Phrase
TQ | Pesquisa | Indústria Conectada,,esquema elétrico,Campaign Negative Phrase
TQ | Pesquisa | Indústria Conectada,,manual de instruções,Campaign Negative Phrase
TQ | Pesquisa | Indústria Conectada,,pinagem,Campaign Negative Phrase
TQ | Pesquisa | Indústria Conectada,,catalogo,Campaign Negative Phrase
TQ | Pesquisa | Indústria Conectada,,catálogo,Campaign Negative Phrase
TQ | Pesquisa | Indústria Conectada,,conserto,Campaign Negative Phrase
TQ | Pesquisa | Indústria Conectada,,consertar,Campaign Negative Phrase
TQ | Pesquisa | Indústria Conectada,,assistencia tecnica,Campaign Negative Phrase
TQ | Pesquisa | Indústria Conectada,,assistência técnica,Campaign Negative Phrase
TQ | Pesquisa | Indústria Conectada,,manutencao de celular,Campaign Negative Phrase
TQ | Pesquisa | Indústria Conectada,,manutenção de celular,Campaign Negative Phrase
TQ | Pesquisa | Indústria Conectada,,conserto de celular,Campaign Negative Phrase
TQ | Pesquisa | Indústria Conectada,,conserto de notebook,Campaign Negative Phrase
TQ | Pesquisa | Indústria Conectada,,conserto de computador,Campaign Negative Phrase
TQ | Pesquisa | Indústria Conectada,,conserto de tv,Campaign Negative Phrase
TQ | Pesquisa | Indústria Conectada,,conserto de geladeira,Campaign Negative Phrase
TQ | Pesquisa | Indústria Conectada,,maquina de lavar,Campaign Negative Phrase
TQ | Pesquisa | Indústria Conectada,,máquina de lavar,Campaign Negative Phrase
TQ | Pesquisa | Indústria Conectada,,ar condicionado,Campaign Negative Phrase
TQ | Pesquisa | Indústria Conectada,,elevador,Campaign Negative Phrase
TQ | Pesquisa | Indústria Conectada,,eletrodomestico,Campaign Negative Phrase
TQ | Pesquisa | Indústria Conectada,,eletrodoméstico,Campaign Negative Phrase
TQ | Pesquisa | Indústria Conectada,,residencial,Campaign Negative Phrase
TQ | Pesquisa | Indústria Conectada,,domestica,Campaign Negative Phrase
TQ | Pesquisa | Indústria Conectada,,doméstica,Campaign Negative Phrase
TQ | Pesquisa | Indústria Conectada,,domotica,Campaign Negative Phrase
TQ | Pesquisa | Indústria Conectada,,domótica,Campaign Negative Phrase
TQ | Pesquisa | Indústria Conectada,,automação residencial,Campaign Negative Phrase
TQ | Pesquisa | Indústria Conectada,,casa inteligente,Campaign Negative Phrase
TQ | Pesquisa | Indústria Conectada,,portão eletrônico,Campaign Negative Phrase
TQ | Pesquisa | Indústria Conectada,,portao eletronico,Campaign Negative Phrase
TQ | Pesquisa | Indústria Conectada,,cerca eletrica,Campaign Negative Phrase
TQ | Pesquisa | Indústria Conectada,,cerca elétrica,Campaign Negative Phrase
TQ | Pesquisa | Indústria Conectada,,cftv,Campaign Negative Phrase
TQ | Pesquisa | Indústria Conectada,,camera de seguranca,Campaign Negative Phrase
TQ | Pesquisa | Indústria Conectada,,câmera de segurança,Campaign Negative Phrase
TQ | Pesquisa | Indústria Conectada,,alarme residencial,Campaign Negative Phrase
TQ | Pesquisa | Indústria Conectada,,interfone,Campaign Negative Phrase
TQ | Pesquisa | Indústria Conectada,,instalação elétrica,Campaign Negative Phrase
TQ | Pesquisa | Indústria Conectada,,eletricista,Campaign Negative Phrase
TQ | Pesquisa | Indústria Conectada,,energia solar residencial,Campaign Negative Phrase
TQ | Pesquisa | Indústria Conectada,,instalação de painel solar,Campaign Negative Phrase
TQ | Pesquisa | Indústria Conectada,,placa solar preço,Campaign Negative Phrase
TQ | Pesquisa | Indústria Conectada,,criação de site,Campaign Negative Phrase
TQ | Pesquisa | Indústria Conectada,,criacao de site,Campaign Negative Phrase
TQ | Pesquisa | Indústria Conectada,,loja virtual,Campaign Negative Phrase
TQ | Pesquisa | Indústria Conectada,,e-commerce,Campaign Negative Phrase
TQ | Pesquisa | Indústria Conectada,,aplicativo de delivery,Campaign Negative Phrase
TQ | Pesquisa | Indústria Conectada,,jogo,Campaign Negative Phrase
TQ | Pesquisa | Indústria Conectada,,game,Campaign Negative Phrase
TQ | Pesquisa | Indústria Conectada,,marketing digital,Campaign Negative Phrase
TQ | Pesquisa | Indústria Conectada,,trafego pago,Campaign Negative Phrase
TQ | Pesquisa | Indústria Conectada,,tráfego pago,Campaign Negative Phrase
TQ | Pesquisa | Indústria Conectada,,seo,Campaign Negative Phrase
TQ | Pesquisa | Indústria Conectada,,social media,Campaign Negative Phrase
TQ | Pesquisa | Indústria Conectada,,erp,Campaign Negative Phrase
TQ | Pesquisa | Indústria Conectada,,sistema de vendas,Campaign Negative Phrase
TQ | Pesquisa | Indústria Conectada,,software contabil,Campaign Negative Phrase
TQ | Pesquisa | Indústria Conectada,,software contábil,Campaign Negative Phrase
TQ | Pesquisa | Indústria Conectada,,power bi,Campaign Negative Phrase
TQ | Pesquisa | Indústria Conectada,,excel,Campaign Negative Phrase
TQ | Pesquisa | Indústria Conectada,,consultoria empresarial,Campaign Negative Phrase
TQ | Pesquisa | Indústria Conectada,,consultoria financeira,Campaign Negative Phrase
TQ | Pesquisa | Indústria Conectada,,consultoria de rh,Campaign Negative Phrase
TQ | Pesquisa | Indústria Conectada,,consultoria de marketing,Campaign Negative Phrase
TQ | Pesquisa | Indústria Conectada,,consultoria contabil,Campaign Negative Phrase
TQ | Pesquisa | Indústria Conectada,,consultoria contábil,Campaign Negative Phrase
TQ | Pesquisa | Indústria Conectada,,freelancer,Campaign Negative Phrase
TQ | Pesquisa | Indústria Conectada,,freela,Campaign Negative Phrase
TQ | Pesquisa | Indústria Conectada,,autonomo,Campaign Negative Phrase
TQ | Pesquisa | Indústria Conectada,,autônomo,Campaign Negative Phrase
TQ | Pesquisa | Indústria Conectada,,profissional autonomo,Campaign Negative Phrase
TQ | Pesquisa | Indústria Conectada,,pessoa fisica,Campaign Negative Phrase
TQ | Pesquisa | Indústria Conectada,,pessoa física,Campaign Negative Phrase
TQ | Pesquisa | Indústria Conectada,,portugal,Campaign Negative Phrase
TQ | Pesquisa | Indústria Conectada,,angola,Campaign Negative Phrase
TQ | Pesquisa | Indústria Conectada,,moçambique,Campaign Negative Phrase
TQ | Pesquisa | Indústria Conectada,,mocambique,Campaign Negative Phrase
TQ | Pesquisa | Indústria Conectada,,coleta seletiva,Campaign Negative Phrase
TQ | Pesquisa | Indústria Conectada,,coleta de lixo,Campaign Negative Phrase
TQ | Pesquisa | Indústria Conectada,,reclame aqui,Campaign Negative Phrase
TQ | Pesquisa | Indústria Conectada,,cnpj,Campaign Negative Phrase
TQ | Pesquisa | Indústria Conectada,,razão social,Campaign Negative Phrase
TQ | Pesquisa | Indústria Conectada,,telefone da,Campaign Negative Phrase
TQ | Pesquisa | Indústria Conectada,,endereço da,Campaign Negative Phrase
TQ | Pesquisa | Indústria Conectada,,horário de funcionamento,Campaign Negative Phrase
TQ | Pesquisa | Indústria Conectada,,franquia,Campaign Negative Phrase
TQ | Pesquisa | Indústria Conectada,,abrir empresa,Campaign Negative Phrase
TQ | Pesquisa | Indústria Conectada,,norma,Campaign Negative Phrase
TQ | Pesquisa | Indústria Conectada,,nbr,Campaign Negative Phrase
TQ | Pesquisa | Indústria Conectada,,abnt,Campaign Negative Phrase
TQ | Pesquisa | Indústria Conectada,,iso 9001,Campaign Negative Phrase
TQ | Pesquisa | Indústria Conectada,,importar da china,Campaign Negative Phrase
TQ | Pesquisa | Indústria Conectada,,alibaba,Campaign Negative Phrase
TQ | Pesquisa | Indústria Conectada,,sindicato,Campaign Negative Phrase
TQ | Pesquisa | Indústria Conectada,,cbo,Campaign Negative Phrase
TQ | Pesquisa | Indústria Conectada,,modelo de contrato,Campaign Negative Phrase
TQ | Pesquisa | Indústria Conectada,,modelo de proposta,Campaign Negative Phrase
TQ | Pesquisa | Indústria Conectada,,modelo de laudo,Campaign Negative Phrase
TQ | Pesquisa | Indústria Conectada,,github,Campaign Negative Phrase
TQ | Pesquisa | Indústria Conectada,,open source,Campaign Negative Phrase
TQ | Pesquisa | Indústria Conectada,,código fonte,Campaign Negative Phrase
TQ | Pesquisa | Indústria Conectada,,quem inventou,Campaign Negative Phrase
TQ | Pesquisa | Indústria Conectada,,linha do tempo,Campaign Negative Phrase
TQ | Pesquisa | Indústria Conectada,,trabalho pronto,Campaign Negative Phrase
TQ | Pesquisa | Termos Amplos,,curso,Campaign Negative Phrase
TQ | Pesquisa | Termos Amplos,,cursos,Campaign Negative Phrase
TQ | Pesquisa | Termos Amplos,,aula,Campaign Negative Phrase
TQ | Pesquisa | Termos Amplos,,aulas,Campaign Negative Phrase
TQ | Pesquisa | Termos Amplos,,apostila,Campaign Negative Phrase
TQ | Pesquisa | Termos Amplos,,apostilas,Campaign Negative Phrase
TQ | Pesquisa | Termos Amplos,,tutorial,Campaign Negative Phrase
TQ | Pesquisa | Termos Amplos,,treinamento,Campaign Negative Phrase
TQ | Pesquisa | Termos Amplos,,capacitacao,Campaign Negative Phrase
TQ | Pesquisa | Termos Amplos,,capacitação,Campaign Negative Phrase
TQ | Pesquisa | Termos Amplos,,workshop,Campaign Negative Phrase
TQ | Pesquisa | Termos Amplos,,palestra,Campaign Negative Phrase
TQ | Pesquisa | Termos Amplos,,ebook,Campaign Negative Phrase
TQ | Pesquisa | Termos Amplos,,e-book,Campaign Negative Phrase
TQ | Pesquisa | Termos Amplos,,slide,Campaign Negative Phrase
TQ | Pesquisa | Termos Amplos,,slides,Campaign Negative Phrase
TQ | Pesquisa | Termos Amplos,,aprender,Campaign Negative Phrase
TQ | Pesquisa | Termos Amplos,,aprenda,Campaign Negative Phrase
TQ | Pesquisa | Termos Amplos,,estudar,Campaign Negative Phrase
TQ | Pesquisa | Termos Amplos,,exercicios,Campaign Negative Phrase
TQ | Pesquisa | Termos Amplos,,exercícios,Campaign Negative Phrase
TQ | Pesquisa | Termos Amplos,,simulado,Campaign Negative Phrase
TQ | Pesquisa | Termos Amplos,,resumo,Campaign Negative Phrase
TQ | Pesquisa | Termos Amplos,,artigo,Campaign Negative Phrase
TQ | Pesquisa | Termos Amplos,,artigos,Campaign Negative Phrase
TQ | Pesquisa | Termos Amplos,,tcc,Campaign Negative Phrase
TQ | Pesquisa | Termos Amplos,,monografia,Campaign Negative Phrase
TQ | Pesquisa | Termos Amplos,,dissertação,Campaign Negative Phrase
TQ | Pesquisa | Termos Amplos,,tese,Campaign Negative Phrase
TQ | Pesquisa | Termos Amplos,,mestrado,Campaign Negative Phrase
TQ | Pesquisa | Termos Amplos,,doutorado,Campaign Negative Phrase
TQ | Pesquisa | Termos Amplos,,graduação,Campaign Negative Phrase
TQ | Pesquisa | Termos Amplos,,pos graduação,Campaign Negative Phrase
TQ | Pesquisa | Termos Amplos,,pós graduação,Campaign Negative Phrase
TQ | Pesquisa | Termos Amplos,,faculdade,Campaign Negative Phrase
TQ | Pesquisa | Termos Amplos,,universidade,Campaign Negative Phrase
TQ | Pesquisa | Termos Amplos,,senai,Campaign Negative Phrase
TQ | Pesquisa | Termos Amplos,,senac,Campaign Negative Phrase
TQ | Pesquisa | Termos Amplos,,sesi,Campaign Negative Phrase
TQ | Pesquisa | Termos Amplos,,etec,Campaign Negative Phrase
TQ | Pesquisa | Termos Amplos,,fatec,Campaign Negative Phrase
TQ | Pesquisa | Termos Amplos,,ifsp,Campaign Negative Phrase
TQ | Pesquisa | Termos Amplos,,curso tecnico,Campaign Negative Phrase
TQ | Pesquisa | Termos Amplos,,curso técnico,Campaign Negative Phrase
TQ | Pesquisa | Termos Amplos,,tecnico em,Campaign Negative Phrase
TQ | Pesquisa | Termos Amplos,,técnico em,Campaign Negative Phrase
TQ | Pesquisa | Termos Amplos,,bolsa,Campaign Negative Phrase
TQ | Pesquisa | Termos Amplos,,matricula,Campaign Negative Phrase
TQ | Pesquisa | Termos Amplos,,matrícula,Campaign Negative Phrase
TQ | Pesquisa | Termos Amplos,,ead,Campaign Negative Phrase
TQ | Pesquisa | Termos Amplos,,certificado,Campaign Negative Phrase
TQ | Pesquisa | Termos Amplos,,certificação profissional,Campaign Negative Phrase
TQ | Pesquisa | Termos Amplos,,livro,Campaign Negative Phrase
TQ | Pesquisa | Termos Amplos,,material didatico,Campaign Negative Phrase
TQ | Pesquisa | Termos Amplos,,material didático,Campaign Negative Phrase
TQ | Pesquisa | Termos Amplos,,trabalho escolar,Campaign Negative Phrase
TQ | Pesquisa | Termos Amplos,,feira de ciencias,Campaign Negative Phrase
TQ | Pesquisa | Termos Amplos,,feira de ciências,Campaign Negative Phrase
TQ | Pesquisa | Termos Amplos,,projeto escolar,Campaign Negative Phrase
TQ | Pesquisa | Termos Amplos,,escolar,Campaign Negative Phrase
TQ | Pesquisa | Termos Amplos,,estudante,Campaign Negative Phrase
TQ | Pesquisa | Termos Amplos,,aluno,Campaign Negative Phrase
TQ | Pesquisa | Termos Amplos,,professor,Campaign Negative Phrase
TQ | Pesquisa | Termos Amplos,,sala de aula,Campaign Negative Phrase
TQ | Pesquisa | Termos Amplos,,emprego,Campaign Negative Phrase
TQ | Pesquisa | Termos Amplos,,empregos,Campaign Negative Phrase
TQ | Pesquisa | Termos Amplos,,vaga,Campaign Negative Phrase
TQ | Pesquisa | Termos Amplos,,vagas,Campaign Negative Phrase
TQ | Pesquisa | Termos Amplos,,salario,Campaign Negative Phrase
TQ | Pesquisa | Termos Amplos,,salário,Campaign Negative Phrase
TQ | Pesquisa | Termos Amplos,,quanto ganha,Campaign Negative Phrase
TQ | Pesquisa | Termos Amplos,,piso salarial,Campaign Negative Phrase
TQ | Pesquisa | Termos Amplos,,clt,Campaign Negative Phrase
TQ | Pesquisa | Termos Amplos,,estagio,Campaign Negative Phrase
TQ | Pesquisa | Termos Amplos,,estágio,Campaign Negative Phrase
TQ | Pesquisa | Termos Amplos,,estagiario,Campaign Negative Phrase
TQ | Pesquisa | Termos Amplos,,estagiário,Campaign Negative Phrase
TQ | Pesquisa | Termos Amplos,,trainee,Campaign Negative Phrase
TQ | Pesquisa | Termos Amplos,,curriculo,Campaign Negative Phrase
TQ | Pesquisa | Termos Amplos,,currículo,Campaign Negative Phrase
TQ | Pesquisa | Termos Amplos,,recrutamento,Campaign Negative Phrase
TQ | Pesquisa | Termos Amplos,,contrata-se,Campaign Negative Phrase
TQ | Pesquisa | Termos Amplos,,indeed,Campaign Negative Phrase
TQ | Pesquisa | Termos Amplos,,catho,Campaign Negative Phrase
TQ | Pesquisa | Termos Amplos,,gupy,Campaign Negative Phrase
TQ | Pesquisa | Termos Amplos,,infojobs,Campaign Negative Phrase
TQ | Pesquisa | Termos Amplos,,concurso,Campaign Negative Phrase
TQ | Pesquisa | Termos Amplos,,carreira,Campaign Negative Phrase
TQ | Pesquisa | Termos Amplos,,profissao,Campaign Negative Phrase
TQ | Pesquisa | Termos Amplos,,profissão,Campaign Negative Phrase
TQ | Pesquisa | Termos Amplos,,mercado de trabalho,Campaign Negative Phrase
TQ | Pesquisa | Termos Amplos,,arduino,Campaign Negative Phrase
TQ | Pesquisa | Termos Amplos,,raspberry,Campaign Negative Phrase
TQ | Pesquisa | Termos Amplos,,hobby,Campaign Negative Phrase
TQ | Pesquisa | Termos Amplos,,faça você mesmo,Campaign Negative Phrase
TQ | Pesquisa | Termos Amplos,,faca voce mesmo,Campaign Negative Phrase
TQ | Pesquisa | Termos Amplos,,diy,Campaign Negative Phrase
TQ | Pesquisa | Termos Amplos,,como fazer,Campaign Negative Phrase
TQ | Pesquisa | Termos Amplos,,como montar,Campaign Negative Phrase
TQ | Pesquisa | Termos Amplos,,como criar,Campaign Negative Phrase
TQ | Pesquisa | Termos Amplos,,passo a passo,Campaign Negative Phrase
TQ | Pesquisa | Termos Amplos,,iniciante,Campaign Negative Phrase
TQ | Pesquisa | Termos Amplos,,iniciantes,Campaign Negative Phrase
TQ | Pesquisa | Termos Amplos,,para iniciantes,Campaign Negative Phrase
TQ | Pesquisa | Termos Amplos,,caseiro,Campaign Negative Phrase
TQ | Pesquisa | Termos Amplos,,em casa,Campaign Negative Phrase
TQ | Pesquisa | Termos Amplos,,gambiarra,Campaign Negative Phrase
TQ | Pesquisa | Termos Amplos,,maker,Campaign Negative Phrase
TQ | Pesquisa | Termos Amplos,,tinkercad,Campaign Negative Phrase
TQ | Pesquisa | Termos Amplos,,fritzing,Campaign Negative Phrase
TQ | Pesquisa | Termos Amplos,,proteus,Campaign Negative Phrase
TQ | Pesquisa | Termos Amplos,,multisim,Campaign Negative Phrase
TQ | Pesquisa | Termos Amplos,,simulador,Campaign Negative Phrase
TQ | Pesquisa | Termos Amplos,,simulação online,Campaign Negative Phrase
TQ | Pesquisa | Termos Amplos,,download,Campaign Negative Phrase
TQ | Pesquisa | Termos Amplos,,baixar,Campaign Negative Phrase
TQ | Pesquisa | Termos Amplos,,gratis,Campaign Negative Phrase
TQ | Pesquisa | Termos Amplos,,grátis,Campaign Negative Phrase
TQ | Pesquisa | Termos Amplos,,gratuito,Campaign Negative Phrase
TQ | Pesquisa | Termos Amplos,,de graça,Campaign Negative Phrase
TQ | Pesquisa | Termos Amplos,,free,Campaign Negative Phrase
TQ | Pesquisa | Termos Amplos,,torrent,Campaign Negative Phrase
TQ | Pesquisa | Termos Amplos,,crack,Campaign Negative Phrase
TQ | Pesquisa | Termos Amplos,,pdf,Campaign Negative Phrase
TQ | Pesquisa | Termos Amplos,,ppt,Campaign Negative Phrase
TQ | Pesquisa | Termos Amplos,,planilha,Campaign Negative Phrase
TQ | Pesquisa | Termos Amplos,,template,Campaign Negative Phrase
TQ | Pesquisa | Termos Amplos,,modelo pronto,Campaign Negative Phrase
TQ | Pesquisa | Termos Amplos,,o que é,Campaign Negative Phrase
TQ | Pesquisa | Termos Amplos,,o que sao,Campaign Negative Phrase
TQ | Pesquisa | Termos Amplos,,o que são,Campaign Negative Phrase
TQ | Pesquisa | Termos Amplos,,significado,Campaign Negative Phrase
TQ | Pesquisa | Termos Amplos,,conceito,Campaign Negative Phrase
TQ | Pesquisa | Termos Amplos,,definição,Campaign Negative Phrase
TQ | Pesquisa | Termos Amplos,,para que serve,Campaign Negative Phrase
TQ | Pesquisa | Termos Amplos,,tipos de,Campaign Negative Phrase
TQ | Pesquisa | Termos Amplos,,exemplos de,Campaign Negative Phrase
TQ | Pesquisa | Termos Amplos,,exemplo de,Campaign Negative Phrase
TQ | Pesquisa | Termos Amplos,,historia,Campaign Negative Phrase
TQ | Pesquisa | Termos Amplos,,história,Campaign Negative Phrase
TQ | Pesquisa | Termos Amplos,,wikipedia,Campaign Negative Phrase
TQ | Pesquisa | Termos Amplos,,quais sao,Campaign Negative Phrase
TQ | Pesquisa | Termos Amplos,,quais são,Campaign Negative Phrase
TQ | Pesquisa | Termos Amplos,,como funciona,Campaign Negative Phrase
TQ | Pesquisa | Termos Amplos,,vantagens e desvantagens,Campaign Negative Phrase
TQ | Pesquisa | Termos Amplos,,caracteristicas,Campaign Negative Phrase
TQ | Pesquisa | Termos Amplos,,características,Campaign Negative Phrase
TQ | Pesquisa | Termos Amplos,,pilares,Campaign Negative Phrase
TQ | Pesquisa | Termos Amplos,,diferença entre,Campaign Negative Phrase
TQ | Pesquisa | Termos Amplos,,resumo sobre,Campaign Negative Phrase
TQ | Pesquisa | Termos Amplos,,introdução,Campaign Negative Phrase
TQ | Pesquisa | Termos Amplos,,comprar,Campaign Negative Phrase
TQ | Pesquisa | Termos Amplos,,venda de,Campaign Negative Phrase
TQ | Pesquisa | Termos Amplos,,loja,Campaign Negative Phrase
TQ | Pesquisa | Termos Amplos,,lojas,Campaign Negative Phrase
TQ | Pesquisa | Termos Amplos,,mercado livre,Campaign Negative Phrase
TQ | Pesquisa | Termos Amplos,,olx,Campaign Negative Phrase
TQ | Pesquisa | Termos Amplos,,shopee,Campaign Negative Phrase
TQ | Pesquisa | Termos Amplos,,aliexpress,Campaign Negative Phrase
TQ | Pesquisa | Termos Amplos,,amazon,Campaign Negative Phrase
TQ | Pesquisa | Termos Amplos,,usado,Campaign Negative Phrase
TQ | Pesquisa | Termos Amplos,,seminovo,Campaign Negative Phrase
TQ | Pesquisa | Termos Amplos,,revenda,Campaign Negative Phrase
TQ | Pesquisa | Termos Amplos,,atacado,Campaign Negative Phrase
TQ | Pesquisa | Termos Amplos,,distribuidor,Campaign Negative Phrase
TQ | Pesquisa | Termos Amplos,,fornecedor de componentes,Campaign Negative Phrase
TQ | Pesquisa | Termos Amplos,,componentes eletronicos preço,Campaign Negative Phrase
TQ | Pesquisa | Termos Amplos,,kit,Campaign Negative Phrase
TQ | Pesquisa | Termos Amplos,,datasheet,Campaign Negative Phrase
TQ | Pesquisa | Termos Amplos,,esquema eletrico,Campaign Negative Phrase
TQ | Pesquisa | Termos Amplos,,esquema elétrico,Campaign Negative Phrase
TQ | Pesquisa | Termos Amplos,,manual de instruções,Campaign Negative Phrase
TQ | Pesquisa | Termos Amplos,,pinagem,Campaign Negative Phrase
TQ | Pesquisa | Termos Amplos,,catalogo,Campaign Negative Phrase
TQ | Pesquisa | Termos Amplos,,catálogo,Campaign Negative Phrase
TQ | Pesquisa | Termos Amplos,,conserto,Campaign Negative Phrase
TQ | Pesquisa | Termos Amplos,,consertar,Campaign Negative Phrase
TQ | Pesquisa | Termos Amplos,,assistencia tecnica,Campaign Negative Phrase
TQ | Pesquisa | Termos Amplos,,assistência técnica,Campaign Negative Phrase
TQ | Pesquisa | Termos Amplos,,manutencao de celular,Campaign Negative Phrase
TQ | Pesquisa | Termos Amplos,,manutenção de celular,Campaign Negative Phrase
TQ | Pesquisa | Termos Amplos,,conserto de celular,Campaign Negative Phrase
TQ | Pesquisa | Termos Amplos,,conserto de notebook,Campaign Negative Phrase
TQ | Pesquisa | Termos Amplos,,conserto de computador,Campaign Negative Phrase
TQ | Pesquisa | Termos Amplos,,conserto de tv,Campaign Negative Phrase
TQ | Pesquisa | Termos Amplos,,conserto de geladeira,Campaign Negative Phrase
TQ | Pesquisa | Termos Amplos,,maquina de lavar,Campaign Negative Phrase
TQ | Pesquisa | Termos Amplos,,máquina de lavar,Campaign Negative Phrase
TQ | Pesquisa | Termos Amplos,,ar condicionado,Campaign Negative Phrase
TQ | Pesquisa | Termos Amplos,,elevador,Campaign Negative Phrase
TQ | Pesquisa | Termos Amplos,,eletrodomestico,Campaign Negative Phrase
TQ | Pesquisa | Termos Amplos,,eletrodoméstico,Campaign Negative Phrase
TQ | Pesquisa | Termos Amplos,,residencial,Campaign Negative Phrase
TQ | Pesquisa | Termos Amplos,,domestica,Campaign Negative Phrase
TQ | Pesquisa | Termos Amplos,,doméstica,Campaign Negative Phrase
TQ | Pesquisa | Termos Amplos,,domotica,Campaign Negative Phrase
TQ | Pesquisa | Termos Amplos,,domótica,Campaign Negative Phrase
TQ | Pesquisa | Termos Amplos,,automação residencial,Campaign Negative Phrase
TQ | Pesquisa | Termos Amplos,,casa inteligente,Campaign Negative Phrase
TQ | Pesquisa | Termos Amplos,,portão eletrônico,Campaign Negative Phrase
TQ | Pesquisa | Termos Amplos,,portao eletronico,Campaign Negative Phrase
TQ | Pesquisa | Termos Amplos,,cerca eletrica,Campaign Negative Phrase
TQ | Pesquisa | Termos Amplos,,cerca elétrica,Campaign Negative Phrase
TQ | Pesquisa | Termos Amplos,,cftv,Campaign Negative Phrase
TQ | Pesquisa | Termos Amplos,,camera de seguranca,Campaign Negative Phrase
TQ | Pesquisa | Termos Amplos,,câmera de segurança,Campaign Negative Phrase
TQ | Pesquisa | Termos Amplos,,alarme residencial,Campaign Negative Phrase
TQ | Pesquisa | Termos Amplos,,interfone,Campaign Negative Phrase
TQ | Pesquisa | Termos Amplos,,instalação elétrica,Campaign Negative Phrase
TQ | Pesquisa | Termos Amplos,,eletricista,Campaign Negative Phrase
TQ | Pesquisa | Termos Amplos,,energia solar residencial,Campaign Negative Phrase
TQ | Pesquisa | Termos Amplos,,instalação de painel solar,Campaign Negative Phrase
TQ | Pesquisa | Termos Amplos,,placa solar preço,Campaign Negative Phrase
TQ | Pesquisa | Termos Amplos,,criação de site,Campaign Negative Phrase
TQ | Pesquisa | Termos Amplos,,criacao de site,Campaign Negative Phrase
TQ | Pesquisa | Termos Amplos,,loja virtual,Campaign Negative Phrase
TQ | Pesquisa | Termos Amplos,,e-commerce,Campaign Negative Phrase
TQ | Pesquisa | Termos Amplos,,aplicativo de delivery,Campaign Negative Phrase
TQ | Pesquisa | Termos Amplos,,jogo,Campaign Negative Phrase
TQ | Pesquisa | Termos Amplos,,game,Campaign Negative Phrase
TQ | Pesquisa | Termos Amplos,,marketing digital,Campaign Negative Phrase
TQ | Pesquisa | Termos Amplos,,trafego pago,Campaign Negative Phrase
TQ | Pesquisa | Termos Amplos,,tráfego pago,Campaign Negative Phrase
TQ | Pesquisa | Termos Amplos,,seo,Campaign Negative Phrase
TQ | Pesquisa | Termos Amplos,,social media,Campaign Negative Phrase
TQ | Pesquisa | Termos Amplos,,erp,Campaign Negative Phrase
TQ | Pesquisa | Termos Amplos,,sistema de vendas,Campaign Negative Phrase
TQ | Pesquisa | Termos Amplos,,software contabil,Campaign Negative Phrase
TQ | Pesquisa | Termos Amplos,,software contábil,Campaign Negative Phrase
TQ | Pesquisa | Termos Amplos,,power bi,Campaign Negative Phrase
TQ | Pesquisa | Termos Amplos,,excel,Campaign Negative Phrase
TQ | Pesquisa | Termos Amplos,,consultoria empresarial,Campaign Negative Phrase
TQ | Pesquisa | Termos Amplos,,consultoria financeira,Campaign Negative Phrase
TQ | Pesquisa | Termos Amplos,,consultoria de rh,Campaign Negative Phrase
TQ | Pesquisa | Termos Amplos,,consultoria de marketing,Campaign Negative Phrase
TQ | Pesquisa | Termos Amplos,,consultoria contabil,Campaign Negative Phrase
TQ | Pesquisa | Termos Amplos,,consultoria contábil,Campaign Negative Phrase
TQ | Pesquisa | Termos Amplos,,freelancer,Campaign Negative Phrase
TQ | Pesquisa | Termos Amplos,,freela,Campaign Negative Phrase
TQ | Pesquisa | Termos Amplos,,autonomo,Campaign Negative Phrase
TQ | Pesquisa | Termos Amplos,,autônomo,Campaign Negative Phrase
TQ | Pesquisa | Termos Amplos,,profissional autonomo,Campaign Negative Phrase
TQ | Pesquisa | Termos Amplos,,pessoa fisica,Campaign Negative Phrase
TQ | Pesquisa | Termos Amplos,,pessoa física,Campaign Negative Phrase
TQ | Pesquisa | Termos Amplos,,portugal,Campaign Negative Phrase
TQ | Pesquisa | Termos Amplos,,angola,Campaign Negative Phrase
TQ | Pesquisa | Termos Amplos,,moçambique,Campaign Negative Phrase
TQ | Pesquisa | Termos Amplos,,mocambique,Campaign Negative Phrase
TQ | Pesquisa | Termos Amplos,,coleta seletiva,Campaign Negative Phrase
TQ | Pesquisa | Termos Amplos,,coleta de lixo,Campaign Negative Phrase
TQ | Pesquisa | Termos Amplos,,reclame aqui,Campaign Negative Phrase
TQ | Pesquisa | Termos Amplos,,cnpj,Campaign Negative Phrase
TQ | Pesquisa | Termos Amplos,,razão social,Campaign Negative Phrase
TQ | Pesquisa | Termos Amplos,,telefone da,Campaign Negative Phrase
TQ | Pesquisa | Termos Amplos,,endereço da,Campaign Negative Phrase
TQ | Pesquisa | Termos Amplos,,horário de funcionamento,Campaign Negative Phrase
TQ | Pesquisa | Termos Amplos,,franquia,Campaign Negative Phrase
TQ | Pesquisa | Termos Amplos,,abrir empresa,Campaign Negative Phrase
TQ | Pesquisa | Termos Amplos,,norma,Campaign Negative Phrase
TQ | Pesquisa | Termos Amplos,,nbr,Campaign Negative Phrase
TQ | Pesquisa | Termos Amplos,,abnt,Campaign Negative Phrase
TQ | Pesquisa | Termos Amplos,,iso 9001,Campaign Negative Phrase
TQ | Pesquisa | Termos Amplos,,importar da china,Campaign Negative Phrase
TQ | Pesquisa | Termos Amplos,,alibaba,Campaign Negative Phrase
TQ | Pesquisa | Termos Amplos,,sindicato,Campaign Negative Phrase
TQ | Pesquisa | Termos Amplos,,cbo,Campaign Negative Phrase
TQ | Pesquisa | Termos Amplos,,modelo de contrato,Campaign Negative Phrase
TQ | Pesquisa | Termos Amplos,,modelo de proposta,Campaign Negative Phrase
TQ | Pesquisa | Termos Amplos,,modelo de laudo,Campaign Negative Phrase
TQ | Pesquisa | Termos Amplos,,github,Campaign Negative Phrase
TQ | Pesquisa | Termos Amplos,,open source,Campaign Negative Phrase
TQ | Pesquisa | Termos Amplos,,código fonte,Campaign Negative Phrase
TQ | Pesquisa | Termos Amplos,,quem inventou,Campaign Negative Phrase
TQ | Pesquisa | Termos Amplos,,linha do tempo,Campaign Negative Phrase
TQ | Pesquisa | Termos Amplos,,trabalho pronto,Campaign Negative Phrase
